id,URL,file_name
43,https://legis.senado.leg.br/norma/?numero=138&tipo_norma=lei&data=19471113&link=s,None
13,https://legis.senado.leg.br/norma/?numero=569&tipo_norma=lei&data=19371101&link=s,None
50,https://www.planalto.gov.br/ccivil_03/leis/1950-1969/l3085.htm,l3085
289,https://www.planalto.gov.br/ccivil_03/_ato2019-2022/2022/lei/l14310.htm,l14310
288,https://www.planalto.gov.br/ccivil_03/_ato2019-2022/2021/lei/l14284.htm,l14284
287,https://www.planalto.gov.br/ccivil_03/_ato2019-2022/2021/lei/l14268.htm,l14268
286,https://www.planalto.gov.br/ccivil_03/_ato2019-2022/2021/lei/l14275.htm,l14275
285,https://www.planalto.gov.br/ccivil_03/_ato2019-2022/2021/lei/l14251.htm,l14251
284,https://www.planalto.gov.br/ccivil_03/_ato2019-2022/2021/lei/l14237.htm,l14237
270,https://www.planalto.gov.br/ccivil_03/_ato2019-2022/2021/lei/l14132.htm,l14132
210,https://www.planalto.gov.br/ccivil_03/_ato2015-2018/2017/lei/l13467.htm,l13467
209,https://www.planalto.gov.br/ccivil_03/_ato2015-2018/2017/lei/l13465.htm,l13465
208,https://www.planalto.gov.br/ccivil_03/_ato2015-2018/2017/lei/l13445.htm,l13445
207,https://www.planalto.gov.br/ccivil_03/_ato2015-2018/2017/lei/l13439.htm,l13439
206,https://www.planalto.gov.br/ccivil_03/_ato2015-2018/2017/lei/l13421.htm,l13421
205,https://www.planalto.gov.br/ccivil_03/_ato2015-2018/2016/lei/l13405.htm,l13405
204,https://www.planalto.gov.br/ccivil_03/_ato2015-2018/2016/lei/l13363.htm,l13363
203,https://www.planalto.gov.br/ccivil_03/_ato2015-2018/2016/lei/l13362.htm,l13362
202,https://www.planalto.gov.br/ccivil_03/_ato2015-2018/2016/lei/l13345.htm,l13345
201,https://www.planalto.gov.br/ccivil_03/_ato2015-2018/2016/lei/l13341.htm,l13341
269,https://www.planalto.gov.br/ccivil_03/_ato2019-2022/2021/lei/l14118.htm,l14118
268,https://www.planalto.gov.br/ccivil_03/_ato2019-2022/2020/lei/l14116.htm,l14116
267,https://www.planalto.gov.br/ccivil_03/_ato2019-2022/2020/lei/l14086.htm,l14086
266,https://www.planalto.gov.br/ccivil_03/_ato2019-2022/2020/lei/l14100.htm,l14100
265,https://www.planalto.gov.br/ccivil_03/_ato2019-2022/2020/lei/l14032.htm,l14032
264,https://www.planalto.gov.br/ccivil_03/_ato2019-2022/2020/lei/l14033.htm,l14033
263,https://www.planalto.gov.br/ccivil_03/_ato2019-2022/2020/lei/l14022.htm,l14022
262,https://www.planalto.gov.br/ccivil_03/_ato2019-2022/2020/lei/l14017.htm,l14017
261,https://www.planalto.gov.br/ccivil_03/_ato2019-2022/2020/lei/l14018.htm,l14018
220,https://www.planalto.gov.br/ccivil_03/_ato2015-2018/2018/lei/l13662.htm,l13662
219,https://www.planalto.gov.br/ccivil_03/_ato2015-2018/2018/lei/l13641.htm,l13641
218,https://www.planalto.gov.br/ccivil_03/_ato2015-2018/2018/lei/l13642.htm,l13642
290,https://www.planalto.gov.br/ccivil_03/_ato2019-2022/2022/lei/l14311.htm,l14311
217,https://www.planalto.gov.br/ccivil_03/_ato2015-2018/2018/lei/l13633.htm,l13633
215,https://www.planalto.gov.br/ccivil_03/_ato2015-2018/2018/lei/l13588.htm,l13588
216,https://www.planalto.gov.br/ccivil_03/_ato2015-2018/2018/lei/l13595.htm,l13595
214,https://www.planalto.gov.br/ccivil_03/_ato2015-2018/2017/lei/l13522.htm,l13522
212,https://www.planalto.gov.br/ccivil_03/_ato2015-2018/2017/lei/l13505.htm,l13505
213,https://www.planalto.gov.br/ccivil_03/_ato2015-2018/2017/lei/l13509.htm,l13509
211,https://www.planalto.gov.br/ccivil_03/_ato2015-2018/2017/lei/l13502.htm,l13502
230,https://www.planalto.gov.br/ccivil_03/_ato2015-2018/2018/lei/l13770.htm,l13770
229,https://www.planalto.gov.br/ccivil_03/_ato2015-2018/2018/lei/l13771.htm,l13771
228,https://www.planalto.gov.br/ccivil_03/_ato2015-2018/2018/lei/l13772.htm,l13772
227,https://www.planalto.gov.br/ccivil_03/_ato2015-2018/2018/lei/l13756.htm,l13756
225,https://www.planalto.gov.br/ccivil_03/_ato2015-2018/2018/lei/l13733.htm,l13733
224,https://www.planalto.gov.br/ccivil_03/_ato2015-2018/2018/lei/l13721.htm,l13721
223,https://www.planalto.gov.br/ccivil_03/_ato2015-2018/2018/lei/l13715.htm,l13715
222,https://www.planalto.gov.br/ccivil_03/_ato2015-2018/2018/lei/l13707.htm,l13707
221,https://www.planalto.gov.br/ccivil_03/_ato2015-2018/2018/lei/l13675.htm,l13675
260,https://www.planalto.gov.br/ccivil_03/_ato2019-2022/2020/lei/l14002.htm,l14002
259,https://www.planalto.gov.br/ccivil_03/_ato2019-2022/2020/lei/l13999.htm,l13999
258,https://www.planalto.gov.br/ccivil_03/_ato2019-2022/2020/lei/l13984.htm,l13984
257,https://www.planalto.gov.br/ccivil_03/_ato2019-2022/2020/lei/l13982.htm,l13982
226,https://www.planalto.gov.br/ccivil_03/_ato2015-2018/2018/lei/l13754.htm,l13754
256,https://www.planalto.gov.br/ccivil_03/_ato2019-2022/2020/lei/l13980.htm,l13980
255,https://www.planalto.gov.br/ccivil_03/_ato2019-2022/2020/lei/l13979.htm,l13979
254,https://www.planalto.gov.br/ccivil_03/_ato2019-2022/2019/lei/l13973.htm,l13973
253,https://www.planalto.gov.br/ccivil_03/_ato2019-2022/2019/lei/l13965.htm,l13965
252,https://www.planalto.gov.br/ccivil_03/_ato2019-2022/2019/lei/l13964.htm,l13964
240,https://www.planalto.gov.br/ccivil_03/_ato2019-2022/2019/lei/l13877.htm,l13877
239,https://www.planalto.gov.br/ccivil_03/_ato2019-2022/2019/lei/l13871.htm,l13871
238,https://www.planalto.gov.br/ccivil_03/_ato2019-2022/2019/lei/l13872.htm,l13872
251,https://www.planalto.gov.br/ccivil_03/_ato2019-2022/2019/lei/l13963.htm,l13963
237,https://www.planalto.gov.br/ccivil_03/_ato2019-2022/2019/lei/l13844.htm,l13844
236,https://www.planalto.gov.br/ccivil_03/_ato2019-2022/2019/lei/l13846.htm,l13846
235,https://www.planalto.gov.br/ccivil_03/_ato2019-2022/2019/lei/l13836.htm,l13836
234,https://www.planalto.gov.br/ccivil_03/_ato2019-2022/2019/lei/l13831.htm,l13831
233,https://www.planalto.gov.br/ccivil_03/_ato2019-2022/2019/lei/l13827.htm,l13827
232,https://www.planalto.gov.br/ccivil_03/_ato2019-2022/2019/lei/l13816.htm,l13816
231,https://www.planalto.gov.br/ccivil_03/_ato2015-2018/2018/lei/l13769.htm,l13769
249,https://www.planalto.gov.br/ccivil_03/_ato2019-2022/2019/lei/l13939.htm,l13939
250,https://www.planalto.gov.br/ccivil_03/_ato2019-2022/2019/lei/l13955.htm,l13955
248,https://www.planalto.gov.br/ccivil_03/_ato2019-2022/2019/lei/l13931.htm,l13931
246,https://www.planalto.gov.br/ccivil_03/_ato2019-2022/2019/lei/l13918.htm,l13918
247,https://www.planalto.gov.br/ccivil_03/_ato2019-2022/2019/lei/l13917.htm,l13917
244,https://www.planalto.gov.br/ccivil_03/_ato2019-2022/2019/lei/l13902.htm,l13902
245,https://www.planalto.gov.br/ccivil_03/_ato2019-2022/2019/lei/l13920.htm,l13920
242,https://www.planalto.gov.br/ccivil_03/_ato2019-2022/2019/lei/l13880.htm,l13880
243,https://www.planalto.gov.br/ccivil_03/_ato2019-2022/2019/lei/l13894.htm,l13894
241,https://www.planalto.gov.br/ccivil_03/_ato2019-2022/2019/lei/l13882.htm,l13882
279,https://www.planalto.gov.br/ccivil_03/_ato2019-2022/2021/lei/l14192.htm,l14192
278,https://www.planalto.gov.br/ccivil_03/_ato2019-2022/2021/lei/l14190.htm,l14190
280,https://www.planalto.gov.br/ccivil_03/_ato2019-2022/2021/lei/l14194.htm,l14194
277,https://www.planalto.gov.br/ccivil_03/_ato2019-2022/2021/lei/l14188.htm,l14188
276,https://www.planalto.gov.br/ccivil_03/_ato2019-2022/2021/lei/l14164.htm,l14164
275,https://www.planalto.gov.br/ccivil_03/_ato2019-2022/2021/lei/l14168.htm,l14168
273,https://www.planalto.gov.br/ccivil_03/_ato2019-2022/2021/lei/l14171.htm,l14171
272,https://www.planalto.gov.br/ccivil_03/_ato2019-2022/2021/lei/l14151.htm,l14151
274,https://www.planalto.gov.br/ccivil_03/_ato2019-2022/2021/lei/l14169.htm,l14169
271,https://www.planalto.gov.br/ccivil_03/_ato2019-2022/2021/lei/l14149.htm,l14149
283,https://www.planalto.gov.br/ccivil_03/_ato2019-2022/2021/lei/l14232.htm,l14232
281,https://www.planalto.gov.br/ccivil_03/_ato2019-2022/2021/lei/l14214.htm,l14214
29,https://www.planalto.gov.br/ccivil_03/decreto-lei/del5452.htm,del5452
28,https://www.planalto.gov.br/ccivil_03/decreto-lei/1937-1946/del5384.htm,del5384
282,https://www.planalto.gov.br/ccivil_03/_ato2019-2022/2021/lei/l14223.htm,l14223
27,https://www.planalto.gov.br/ccivil_03/decreto-lei/1937-1946/del4244.htm,del4244
25,https://www.planalto.gov.br/ccivil_03/decreto-lei/1937-1946/del3864.htm,del3864
26,https://www.planalto.gov.br/ccivil_03/decreto-lei/1937-1946/del4098.htm,del4098
24,https://www.planalto.gov.br/ccivil_03/decreto-lei/del3689.htm,del3689
23,https://www.planalto.gov.br/ccivil_03/decreto-lei/del3365.htm,del3365
22,https://www.planalto.gov.br/ccivil_03/decreto-lei/del3200.htm,del3200
21,https://www.planalto.gov.br/ccivil_03/decreto-lei/del2848.htm,del2848
19,https://www.planalto.gov.br/ccivil_03/decreto-lei/1937-1946/del2063.htm,del2063
20,https://www.planalto.gov.br/ccivil_03/decreto-lei/1937-1946/del2186.htm,del2186
17,https://www.planalto.gov.br/ccivil_03/decreto-lei/del1351.htm,del1351
16,https://www.planalto.gov.br/ccivil_03/decreto-lei/1937-1946/del0960.htm,del0960
18,https://www.planalto.gov.br/ccivil_03/decreto-lei/1937-1946/del1608.htm,del1608
14,https://www.planalto.gov.br/ccivil_03/decreto-lei/1937-1946/del0167.htm,del0167
15,https://www.planalto.gov.br/ccivil_03/decreto-lei/1937-1946/del0925.htm,del0925
12,https://www.planalto.gov.br/ccivil_03/leis/1930-1949/l0106.htm,l0106
300,https://www.planalto.gov.br/ccivil_03/_ato2019-2022/2022/lei/l14418.htm,l14418
11,https://www.planalto.gov.br/ccivil_03/leis/1930-1949/l0048.htm,l0048
299,https://www.planalto.gov.br/ccivil_03/_ato2019-2022/2022/lei/l14401.htm,l14401
298,https://www.planalto.gov.br/ccivil_03/_ato2019-2022/2022/lei/l14344.htm,l14344
296,https://www.planalto.gov.br/ccivil_03/_ato2019-2022/2022/lei/l14330.htm,l14330
297,https://www.planalto.gov.br/ccivil_03/_ato2019-2022/2022/lei/l14335.htm,l14335
295,https://www.planalto.gov.br/ccivil_03/_ato2019-2022/2022/lei/l14324.htm,l14324
294,https://www.planalto.gov.br/ccivil_03/_ato2019-2022/2022/lei/l14326.htm,l14326
293,https://www.planalto.gov.br/ccivil_03/_ato2019-2022/2022/lei/l14320.htm,l14320
292,https://www.planalto.gov.br/ccivil_03/_ato2019-2022/2022/lei/l14316.htm,l14316
310,https://www.planalto.gov.br/ccivil_03/_ato2023-2026/2023/lei/l14542.htm,l14542
291,https://www.planalto.gov.br/ccivil_03/_ato2019-2022/2022/lei/l14312.htm,l14312
308,https://www.planalto.gov.br/ccivil_03/_ato2023-2026/2023/lei/l14518.htm,l14518
309,https://www.planalto.gov.br/ccivil_03/_ato2023-2026/2023/lei/l14538.htm,l14538
305,https://www.planalto.gov.br/ccivil_03/_ato2019-2022/2022/lei/l14463.htm,l14463
304,https://www.planalto.gov.br/ccivil_03/_ato2019-2022/2022/lei/l14457.htm,l14457
303,https://www.planalto.gov.br/ccivil_03/_ato2019-2022/2022/lei/l14448.htm,l14448
302,https://www.planalto.gov.br/ccivil_03/_ato2019-2022/2022/lei/l14443.htm,l14443
307,https://www.planalto.gov.br/ccivil_03/_ato2019-2022/2022/lei/l14507.htm,l14507
318,https://www.planalto.gov.br/ccivil_03/_ato2023-2026/2023/lei/l14620.htm,l14620
317,https://www.planalto.gov.br/ccivil_03/_ato2023-2026/2023/lei/l14611.htm,l14611
301,https://www.planalto.gov.br/ccivil_03/_ato2019-2022/2022/lei/l14436.htm,l14436
316,https://www.planalto.gov.br/ccivil_03/_ato2023-2026/2023/lei/l14600.htm,l14600
315,https://www.planalto.gov.br/ccivil_03/_ato2023-2026/2023/lei/l14601.htm,l14601
314,https://www.planalto.gov.br/ccivil_03/_ato2023-2026/2023/lei/l14597.htm,l14597
313,https://www.planalto.gov.br/ccivil_03/_ato2023-2026/2023/lei/l14583.htm,l14583
311,https://www.planalto.gov.br/ccivil_03/_ato2023-2026/2023/lei/l14541.htm,l14541
312,https://www.planalto.gov.br/ccivil_03/_ato2023-2026/2023/lei/l14545.htm,l14545
10,https://www.planalto.gov.br/ccivil_03/leis/1930-1949/l0043.htm,l0043
306,https://planalto.gov.br/ccivil_03/_ato2019-2022/2022/lei/l14477.htm,l14477
8,https://www.planalto.gov.br/ccivil_03/leis/1901-1929/l2919.htm,l2919
7,https://www.planalto.gov.br/ccivil_03/leis/lim/lim2040.htm,lim2040
9,https://www.planalto.gov.br/ccivil_03/leis/l3071.htm,l3071
6,https://www.planalto.gov.br/ccivil_03/leis/lim/lim1237.htm,lim1237
4,https://www.planalto.gov.br/ccivil_03/leis/lim/lim4.htm,lim4
3,https://www.planalto.gov.br/ccivil_03/leis/lim/lim-29-11-1832.htm,lim-29-11-1832
5,https://www.planalto.gov.br/ccivil_03/leis/lim/lim556.htm,lim556
2,https://www.planalto.gov.br/ccivil_03/leis/lim/lim-16-12-1830.htm,lim-16-12-1830
1,https://www.planalto.gov.br/ccivil_03/leis/lim/lim-26-8-1826.htm,lim-26-8-1826
39,https://www.planalto.gov.br/ccivil_03/decreto-lei/1937-1946/del9660.htm,del9660
38,https://www.planalto.gov.br/ccivil_03/decreto-lei/1937-1946/del9641.htm,del9641
37,https://www.planalto.gov.br/ccivil_03/decreto-lei/1937-1946/del9613.htm,del9613
36,https://www.planalto.gov.br/ccivil_03/decreto-lei/1937-1946/del9202.htm,del9202
35,https://www.planalto.gov.br/ccivil_03/decreto-lei/1937-1946/del7967.htm,del7967
34,https://www.planalto.gov.br/ccivil_03/decreto-lei/del7661.htm,del7661
33,https://www.planalto.gov.br/ccivil_03/decreto-lei/1937-1946/del7586.htm,del7586
32,https://www.planalto.gov.br/ccivil_03/decreto-lei/1937-1946/del7526.htm,del7526
31,https://www.planalto.gov.br/ccivil_03/decreto-lei/1937-1946/del6887.htm,del6887
45,https://www.planalto.gov.br/ccivil_03/leis/1950-1969/l1164.htm,l1164
44,https://www.planalto.gov.br/ccivil_03/leis/1930-1949/l0494.htm,l0494
42,https://www.planalto.gov.br/ccivil_03/decreto-lei/1937-1946/del9785.htm,del9785
41,https://www.planalto.gov.br/ccivil_03/decreto-lei/del9760.htm,del9760
49,https://www.planalto.gov.br/ccivil_03/leis/1950-1969/l2632.htm,l2632
190,https://www.planalto.gov.br/ccivil_03/_ato2015-2018/2015/lei/l13112.htm,l13112
189,https://www.planalto.gov.br/ccivil_03/_ato2015-2018/2015/lei/l13104.htm,l13104
188,https://www.planalto.gov.br/ccivil_03/_ato2015-2018/2015/lei/l13086.htm,l13086
187,https://www.planalto.gov.br/ccivil_03/_ato2011-2014/2014/lei/l13025.htm,l13025
186,https://www.planalto.gov.br/ccivil_03/_ato2011-2014/2014/lei/l13014.htm,l13014
184,https://www.planalto.gov.br/ccivil_03/_ato2011-2014/2014/lei/l12987.htm,l12987
185,https://www.planalto.gov.br/ccivil_03/_ato2011-2014/2014/lei/l13001.htm,l13001
183,https://www.planalto.gov.br/ccivil_03/leis/lcp/lcp144.htm,lcp144
168,https://www.planalto.gov.br/ccivil_03/_ato2007-2010/2009/lei/l11942.htm,l11942
170,https://www.planalto.gov.br/ccivil_03/leis/lcp/lcp132.htm,lcp132
167,https://www.planalto.gov.br/ccivil_03/_ato2007-2010/2008/lei/l11804.htm,l11804
166,https://www.planalto.gov.br/ccivil_03/_ato2007-2010/2008/lei/l11718.htm,l11718
165,https://www.planalto.gov.br/ccivil_03/_ato2007-2010/2008/lei/l11707.htm,l11707
164,https://www.planalto.gov.br/ccivil_03/_ato2007-2010/2008/lei/l11689.htm,l11689
163,https://www.planalto.gov.br/ccivil_03/_ato2007-2010/2008/lei/l11664.htm,l11664
169,https://www.planalto.gov.br/ccivil_03/_ato2007-2010/2009/lei/l11977.htm,l11977
159,https://www.planalto.gov.br/ccivil_03/_ato2007-2010/2007/lei/l11489.htm,l11489
158,https://www.planalto.gov.br/ccivil_03/_ato2007-2010/2007/lei/l11447.htm,l11447
156,https://www.planalto.gov.br/ccivil_03/_ato2004-2006/2006/lei/l11340.htm,l11340
157,https://www.planalto.gov.br/ccivil_03/_ato2004-2006/2006/lei/l11350.htm,l11350
160,https://www.planalto.gov.br/ccivil_03/_ato2007-2010/2007/lei/l11514.htm,l11514
153,https://www.planalto.gov.br/ccivil_03/_ato2004-2006/2005/lei/l11106.htm,l11106
154,https://www.planalto.gov.br/ccivil_03/_ato2004-2006/2005/lei/l11124.htm,l11124
152,https://www.planalto.gov.br/ccivil_03/_ato2004-2006/2004/lei/l10982.htm,l10982
155,https://www.planalto.gov.br/ccivil_03/_ato2004-2006/2006/lei/l11318.htm,l11318
151,https://www.planalto.gov.br/ccivil_03/_ato2004-2006/2004/lei/l10.933.htm,l10.933
162,https://www.planalto.gov.br/ccivil_03/_ato2007-2010/2007/lei/l11633.htm,l11633
140,https://www.planalto.gov.br/ccivil_03/leis/2002/l10559.htm,l10559
139,https://www.planalto.gov.br/ccivil_03/leis/2002/l10539.htm,l10539
138,https://www.planalto.gov.br/ccivil_03/leis/2002/l10516.htm,l10516
137,https://www.planalto.gov.br/ccivil_03/leis/2002/l10421.htm,l10421
134,https://www.planalto.gov.br/ccivil_03/leis/leis_2001/l10244.htm,l10244
135,https://www.planalto.gov.br/ccivil_03/leis/leis_2001/l10257.htm,l10257
133,https://www.planalto.gov.br/ccivil_03/leis/leis_2001/l10223.htm,l10223
136,https://www.planalto.gov.br/ccivil_03/leis/2002/l10406.htm,l10406
131,https://www.planalto.gov.br/ccivil_03/leis/l9876.htm,l9876
130,https://www.planalto.gov.br/ccivil_03/leis/l9799.htm,l9799
132,https://www.planalto.gov.br/ccivil_03/leis/leis_2001/l10172.htm,l10172
128,https://www.planalto.gov.br/ccivil_03/leis/l9528.htm,l9528
127,https://www.planalto.gov.br/ccivil_03/leis/l9520.htm,l9520
129,https://www.planalto.gov.br/ccivil_03/leis/l9649cons.htm,l9649cons
109,https://www.planalto.gov.br/ccivil_03/leis/l8629.htm,l8629
90,https://www.planalto.gov.br/ccivil_03/leis/1980-1988/l7076.htm,l7076
110,https://www.planalto.gov.br/ccivil_03/leis/lcp/lcp75.htm,lcp75
126,https://www.planalto.gov.br/ccivil_03/leis/l9504.htm,l9504
88,https://www.planalto.gov.br/ccivil_03/leis/l6880.htm,l6880
87,https://www.planalto.gov.br/ccivil_03/leis/1980-1988/l6828.htm,l6828
89,https://www.planalto.gov.br/ccivil_03/leis/1980-1988/l7070.htm,l7070
86,https://www.planalto.gov.br/ccivil_03/leis/1980-1988/l6791.htm,l6791
84,https://www.planalto.gov.br/ccivil_03/leis/l6515.htm,l6515
85,https://www.planalto.gov.br/ccivil_03/leis/1970-1979/l6652.htm,l6652
81,https://www.planalto.gov.br/ccivil_03/leis/l6226.htm,l6226
83,https://www.planalto.gov.br/ccivil_03/leis/l6514.htm,l6514
82,https://www.planalto.gov.br/ccivil_03/leis/lcp/lcp26.htm,lcp26
80,https://www.planalto.gov.br/ccivil_03/leis/l6216.htm,l6216
78,https://www.planalto.gov.br/ccivil_03/leis/1970-1979/l6023.htm,l6023
79,https://www.planalto.gov.br/ccivil_03/leis/l6022.htm,l6022
77,https://www.planalto.gov.br/ccivil_03/leis/l6015consolidado.htm,l6015consolidado
75,https://www.planalto.gov.br/ccivil_03/leis/1970-1979/l5925.htm,l5925
76,https://www.planalto.gov.br/ccivil_03/leis/1970-1979/l6016.htm,l6016
72,https://www.planalto.gov.br/ccivil_03/leis/1970-1979/l5774.htm,l5774
73,https://www.planalto.gov.br/ccivil_03/leis/l5809.htm,l5809
74,https://www.planalto.gov.br/ccivil_03/leis/l5869.htm,l5869
71,https://www.planalto.gov.br/ccivil_03/leis/l5741.htm,l5741
100,https://www.planalto.gov.br/ccivil_03/leis/l7853.htm,l7853
99,https://www.planalto.gov.br/ccivil_03/leis/l7652.htm,l7652
98,https://www.planalto.gov.br/ccivil_03/leis/1980-1988/l7529.htm,l7529
95,https://www.planalto.gov.br/ccivil_03/leis/lcp/lcp51.htm,lcp51
94,https://www.planalto.gov.br/ccivil_03/leis/1980-1988/l7353.htm,l7353
97,https://www.planalto.gov.br/ccivil_03/leis/1980-1988/l7499.htm,l7499
92,https://www.planalto.gov.br/ccivil_03/leis/l7210.htm,l7210
93,https://www.planalto.gov.br/ccivil_03/leis/l7289.htm,l7289
91,https://www.planalto.gov.br/ccivil_03/leis/1980-1988/l7189.htm,l7189
108,https://www.planalto.gov.br/ccivil_03/leis/l8538.htm,l8538
96,https://www.planalto.gov.br/ccivil_03/leis/1980-1988/l7486.htm,l7486
107,https://www.planalto.gov.br/ccivil_03/leis/l8490.htm,l8490
106,https://www.planalto.gov.br/ccivil_03/leis/l8408.htm,l8408
105,https://www.planalto.gov.br/ccivil_03/leis/l8213cons.htm,l8213cons
104,https://www.planalto.gov.br/ccivil_03/leis/l8112cons.htm,l8112cons
102,https://www.planalto.gov.br/ccivil_03/leis/l8059.htm,l8059
101,https://www.planalto.gov.br/ccivil_03/leis/l8028.htm,l8028
120,https://www.planalto.gov.br/ccivil_03/leis/l9276.htm,l9276
119,https://www.planalto.gov.br/ccivil_03/leis/l9263.htm,l9263
103,https://www.planalto.gov.br/ccivil_03/leis/l8069.htm,l8069
118,https://www.planalto.gov.br/ccivil_03/leis/l9100.htm,l9100
115,https://www.planalto.gov.br/ccivil_03/leis/l9032.htm,l9032
116,https://www.planalto.gov.br/ccivil_03/leis/l9046.htm,l9046
117,https://www.planalto.gov.br/ccivil_03/leis/l9096.htm,l9096
114,https://www.planalto.gov.br/ccivil_03/leis/l8971.htm,l8971
113,https://www.planalto.gov.br/ccivil_03/leis/l8921.htm,l8921
125,https://www.planalto.gov.br/ccivil_03/leis/l9460.htm,l9460
111,https://www.planalto.gov.br/ccivil_03/leis/l8742.htm,l8742
112,https://www.planalto.gov.br/ccivil_03/leis/lcp/lcp80.htm,lcp80
124,https://www.planalto.gov.br/ccivil_03/leis/l9434.htm,l9434
121,https://www.planalto.gov.br/ccivil_03/leis/l9278.htm,l9278
122,https://www.planalto.gov.br/ccivil_03/leis/l9318.htm,l9318
123,https://www.planalto.gov.br/ccivil_03/leis/l9394.htm,l9394
150,https://www.planalto.gov.br/ccivil_03/_ato2004-2006/2004/lei/l10.886.htm,l10.886
149,https://www.planalto.gov.br/ccivil_03/_ato2004-2006/2004/lei/l10.877.htm,l10.877
148,https://www.planalto.gov.br/ccivil_03/_ato2004-2006/2004/lei/l10.836.htm,l10.836
147,https://www.planalto.gov.br/ccivil_03/leis/2003/l10.778.htm,l10.778
146,https://www.planalto.gov.br/ccivil_03/leis/2003/l10.745.htm,l10.745
145,https://www.planalto.gov.br/ccivil_03/leis/2003/l10.741.htm,l10.741
144,https://www.planalto.gov.br/ccivil_03/leis/2003/l10.714.htm,l10.714
143,https://www.planalto.gov.br/ccivil_03/leis/2003/l10.710.htm,l10.710
161,https://www.planalto.gov.br/ccivil_03/_ato2007-2010/2007/lei/l11530.htm,l11530
141,https://www.planalto.gov.br/ccivil_03/leis/2002/l10593.htm,l10593
180,https://www.planalto.gov.br/ccivil_03/leis/lcp/lcp142.htm,lcp142
179,https://www.planalto.gov.br/ccivil_03/_ato2011-2014/2012/lei/l12693.htm,l12693
178,https://www.planalto.gov.br/ccivil_03/_ato2011-2014/2012/lei/l12618.htm,l12618
142,https://www.planalto.gov.br/ccivil_03/leis/2003/l10.683.htm,l10.683
177,https://www.planalto.gov.br/ccivil_03/_ato2011-2014/2011/lei/l12512.htm,l12512
176,https://www.planalto.gov.br/ccivil_03/_ato2011-2014/2011/lei/l12424.htm,l12424
175,https://www.planalto.gov.br/ccivil_03/_ato2011-2014/2011/lei/l12403.htm,l12403
174,https://www.planalto.gov.br/ccivil_03/_ato2007-2010/2010/lei/l12314.htm,l12314
172,https://www.planalto.gov.br/ccivil_03/_ato2007-2010/2010/lei/l12272.htm,l12272
173,https://www.planalto.gov.br/ccivil_03/_ato2007-2010/2010/lei/l12288.htm,l12288
171,https://www.planalto.gov.br/ccivil_03/_ato2007-2010/2010/lei/l12227.htm,l12227
181,https://www.planalto.gov.br/ccivil_03/_ato2011-2014/2013/lei/l12852.htm,l12852
182,https://www.planalto.gov.br/ccivil_03/_ato2011-2014/2013/lei/l12865.htm,l12865
199,https://www.planalto.gov.br/ccivil_03/_ato2015-2018/2016/lei/l13271.htm,l13271
198,https://www.planalto.gov.br/ccivil_03/_ato2015-2018/2016/lei/l13272.htm,l13272
197,https://www.planalto.gov.br/ccivil_03/_ato2015-2018/2016/lei/l13266.htm,l13266
196,https://www.planalto.gov.br/ccivil_03/_ato2015-2018/2016/lei/l13257.htm,l13257
200,https://www.planalto.gov.br/ccivil_03/_ato2015-2018/2016/lei/l13336.htm,l13336
195,https://www.planalto.gov.br/ccivil_03/_ato2015-2018/2015/lei/l13239.htm,l13239
194,https://www.planalto.gov.br/ccivil_03/_ato2015-2018/2015/lei/l13224.htm,l13224
193,https://www.planalto.gov.br/ccivil_03/_ato2015-2018/2015/lei/l13183.htm,l13183
192,https://www.planalto.gov.br/ccivil_03/_ato2015-2018/2015/lei/l13165.htm,l13165
191,https://www.planalto.gov.br/ccivil_03/_ato2015-2018/2015/lei/l13146.htm,l13146
57,https://www.planalto.gov.br/ccivil_03/leis/1950-1969/l4121.htm,l4121
55,https://www.planalto.gov.br/ccivil_03/leis/1950-1969/l3912.htm,l3912
56,https://www.planalto.gov.br/ccivil_03/leis/l4069.htm,l4069
53,https://www.planalto.gov.br/ccivil_03/leis/l3470.htm,l3470
52,https://www.planalto.gov.br/ccivil_03/leis/1950-1969/l3322.htm,l3322
54,https://www.planalto.gov.br/ccivil_03/leis/1950-1969/l3807.htm,l3807
51,https://www.planalto.gov.br/ccivil_03/leis/1950-1969/l3253.htm,l3253
60,https://www.planalto.gov.br/ccivil_03/leis/l4589.htm,l4589
59,https://www.planalto.gov.br/ccivil_03/leis/1950-1969/l4485.htm,l4485
69,https://www.planalto.gov.br/ccivil_03/decreto-lei/del1001.htm,del1001
58,https://www.planalto.gov.br/ccivil_03/leis/1950-1969/l4214.htm,l4214
70,https://www.planalto.gov.br/ccivil_03/decreto-lei/1965-1988/del1000.htm,del1000
67,https://www.planalto.gov.br/ccivil_03/decreto-lei/1965-1988/del0744.htm,del0744
66,https://www.planalto.gov.br/ccivil_03/decreto-lei/1965-1988/del0546.htm,del0546
68,https://www.planalto.gov.br/ccivil_03/decreto-lei/del1002.htm,del1002
65,https://www.planalto.gov.br/ccivil_03/decreto-lei/1965-1988/del1004.htm,del1004
64,https://www.planalto.gov.br/ccivil_03/leis/quadro/1960-1980.htm,1960-1980
62,https://www.planalto.gov.br/ccivil_03/decreto-lei/1965-1988/del0115.htm,del0115
63,https://www.planalto.gov.br/ccivil_03/decreto-lei/del0229.htm,del0229
61,https://www.planalto.gov.br/ccivil_03/leis/l4737.htm,l4737
46,https://www.planalto.gov.br/ccivil_03/leis/1950-1969/l1345.htm,l1345
40,https://www.planalto.gov.br/ccivil_03/decreto-lei/1937-1946/del9698.htm,del9698
47,https://www.planalto.gov.br/ccivil_03/leis/l2180.htm,l2180
48,https://www.planalto.gov.br/ccivil_03/leis/1950-1969/l2354.htm,l2354
30,https://www.planalto.gov.br/ccivil_03/decreto-lei/1937-1946/del6227.htm,del6227
